{
  "best_global_step": null,
  "best_metric": null,
  "best_model_checkpoint": null,
  "epoch": 1.144927536231884,
  "eval_steps": 500,
  "global_step": 40,
  "is_hyper_param_search": false,
  "is_local_process_zero": true,
  "is_world_process_zero": true,
  "log_history": [
    {
      "epoch": 0.2898550724637681,
      "grad_norm": 4.609479904174805,
      "learning_rate": 0.00027428571428571427,
      "loss": 3.718,
      "step": 10
    },
    {
      "epoch": 0.5797101449275363,
      "grad_norm": 4.93992280960083,
      "learning_rate": 0.0002457142857142857,
      "loss": 3.5485,
      "step": 20
    },
    {
      "epoch": 0.8695652173913043,
      "grad_norm": 5.33266544342041,
      "learning_rate": 0.00021714285714285713,
      "loss": 3.293,
      "step": 30
    },
    {
      "epoch": 1.144927536231884,
      "grad_norm": 4.408275127410889,
      "learning_rate": 0.00018857142857142854,
      "loss": 3.1208,
      "step": 40
    }
  ],
  "logging_steps": 10,
  "max_steps": 105,
  "num_input_tokens_seen": 0,
  "num_train_epochs": 3,
  "save_steps": 10,
  "stateful_callbacks": {
    "TrainerControl": {
      "args": {
        "should_epoch_stop": false,
        "should_evaluate": false,
        "should_log": false,
        "should_save": true,
        "should_training_stop": false
      },
      "attributes": {}
    }
  },
  "total_flos": 26544376894464.0,
  "train_batch_size": 1,
  "trial_name": null,
  "trial_params": null
}
